Url,Type
https://cly.1cdn.vn/thumbs/1200x630/2026/03/24/1_231(1).jpg, Image
https://cly.1cdn.vn/assets/cltv/images/logo.png, Image
https://cly.1cdn.vn/assets/cltv/images/logo-2024.png, Image
https://cly.1cdn.vn/thumbs/540x360/2026/03/17/img_8152(1).jpeg, Image
https://cly.1cdn.vn/thumbs/540x360/2026/03/18/img_8185.jpeg, Image
https://cly.1cdn.vn/thumbs/540x360/2026/03/18/1(3).jpg, Image
https://cly.1cdn.vn/thumbs/540x360/2026/03/19/img_8264.jpeg, Image
https://cly.1cdn.vn/thumbs/540x360/2026/03/19/chanh-an-tandtc.-quang-ngai-3-(1).jpg, Image
https://cly.1cdn.vn/thumbs/540x360/2026/03/20/z7638832027914_eb55d57417853f3ec3a5c3a1da28142d(1).jpg, Image
https://cly.1cdn.vn/thumbs/540x360/2026/03/20/z7637349963036_407038cdec130d5b9e361fdab012318c.jpg, Image
https://cly.1cdn.vn/thumbs/540x360/2026/03/20/anh-2.jpg, Image
https://cly.1cdn.vn/thumbs/540x360/2026/03/22/img_5169.jpeg, Image
https://cly.1cdn.vn/thumbs/540x360/2026/03/23/6r3a9859.jpg, Image
https://cly.1cdn.vn/thumbs/540x360/2026/03/23/z7643407301528_26ee1a4e49682140ffc0de24f11bbd85.jpg, Image
https://cly.1cdn.vn/thumbs/540x360/2026/03/23/z7645274774260_ffa886bcec0821a45136e6f7c7da57a5.jpg, Image
https://cly.1cdn.vn/thumbs/540x360/2026/02/16/den-chung-son(1).png, Image
https://cly.1cdn.vn/thumbs/540x360/2026/02/16/images-motthegioi-vn-8443_bmd1ewvudhjhaq-(1).jpg, Image
https://cly.1cdn.vn/thumbs/540x360/2026/02/16/den-tranh(1).jpg, Image
https://cly.1cdn.vn/videos/2026/03/24/f7bcb19d-dda4-4db9-bb1e-4f7d333cd0d1/index.m3u8, Video
